"Grupo","Animal","n_days","Nasal discharge","Ocular discharge","Cough","Dyspnea","Behavior","Diarrhea","Appetite","Dehydration","Composite","Temperature_AUC_am_pm","Temperature_AUC_am"
"Control","4926",29,0.5,0,2,0,2.5,18.5,1,0,24.5,4,4
"Control","7766",29,2,1,12.5,0,0,17.5,0,0,33,7,7
"25ug","4909",29,0,0,1,0,0,10,0,0,11,0,0
"25ug","4971",29,0,0,0,0,0,4.5,0,0,4.5,6,4
"25ug","5438",29,0,0.5,0,0,0,5.5,0,0,6,0,0
"25ug","5445",29,0,0.5,0,0,0,4.5,0,0,5,6,2
"25ug","5447",29,0,0,0,0,0,3.5,0,0,3.5,6,4
"25ug","5473",29,0,1,0,1,0,2.5,0,0,4.5,5,5
"25ug","5481",29,0,0.5,0,0,0,11,0,0,11.5,3,3
"50ug","4924",29,0,0,1,0,0,12,0,0,13,3,3
"50ug","5460",29,0,0,0,0,0,8.5,0,0,8.5,0,0
"50ug","5472",29,0,0.5,0,0,0,7.5,0,0,8,4,4
"50ug","5499",29,0,0,0,0,0,12,0,0,12,6,4
"100ug","4919",29,0,0,0,0,0,16.5,0,0,16.5,2,2
"100ug","5436",29,0,0,0,0,0,0,0,0,0,0,0
"100ug","5456",29,0,0,1,0,0,12,0,0,13,7,7
"100ug","5475",29,0,0,0,0,0,9.5,0,0,9.5,0,0
"100ug","5480",29,0,0,0,0,0,3.5,0,0,3.5,0,0
"100ug","5490",29,0,0,0,0,0,12.5,0,0,12.5,9,5
"100ug","5493",29,0,0,0,0,0,4,0,0,4,0,0
"Commercial","5441",29,0,0,1,0,0,17,0,0,18,3,3
"Commercial","5454",29,1,0.5,0,0,0,12.5,0,0,14,8,8
"Commercial","5466",29,0,0.5,0,0,0,22,0,0,22.5,3,3
